competencia,uf_sigla,subgrupo_codigo,qtd_internacoes,valor_total,dias_permanencia
2022-01,RO,0303,1983,2149839.7,10739
2022-01,RO,0304,254,511844.54,1285
2022-01,RO,0305,59,96080.33,348
2022-01,RO,0308,220,526792.89,669
2022-01,RO,0310,831,482714.12,1837
2022-01,RO,0403,90,413765.48,719
2022-01,RO,0404,62,47196.16,111
2022-01,RO,0405,60,38026.77,66
2022-01,RO,0406,180,1352209.52,1240
2022-01,RO,0407,716,845508.7,2127
2022-01,RO,0408,580,1230332.63,2511
2022-01,RO,0409,321,322847.84,818
2022-01,RO,0411,577,458205.47,1345
2022-01,RO,0415,141,522883.39,869
2022-01,RO,0416,141,517558.36,718
2022-01,AC,0303,975,1004616.21,5312
2022-01,AC,0304,147,321343.3,762
2022-01,AC,0305,35,39005.49,203
2022-01,AC,0308,95,73290.67,281
2022-01,AC,0310,446,299698.01,992
2022-01,AC,0403,42,214141.97,370
2022-01,AC,0404,35,37159.13,69
2022-01,AC,0405,33,25150.74,33
2022-01,AC,0406,99,695051.3,664
2022-01,AC,0407,400,458459.76,1225
2022-01,AC,0408,302,573423.57,1176
2022-01,AC,0409,158,155675.26,392
2022-01,AC,0411,311,260201.35,691
2022-01,AC,0415,68,239060.53,420
2022-01,AC,0416,74,307682.67,364
2022-01,AM,0303,4808,4767855.92,25895
2022-01,AM,0304,631,1303680.42,3083
2022-01,AM,0305,154,227043.56,900
2022-01,AM,0308,476,421992.66,1425
2022-01,AM,0310,2046,1353857.3,4337
2022-01,AM,0403,245,1128928.57,1986
2022-01,AM,0404,171,142556.96,370
2022-01,AM,0405,157,110403.33,167
2022-01,AM,0406,495,3815433.63,3291
2022-01,AM,0407,1755,2260597.94,5028
2022-01,AM,0408,1428,2784508.45,5617
2022-01,AM,0409,828,768717.62,2102
2022-01,AM,0411,1383,1095713.59,3219
2022-01,AM,0415,342,1182335.26,2069
2022-01,AM,0416,305,1151259.82,1527
2022-01,RR,0303,775,858610.68,4197
2022-01,RR,0304,118,243969.93,532
2022-01,RR,0305,23,31537.08,120
2022-01,RR,0308,75,65975.26,213
2022-01,RR,0310,305,173509.12,687
