competencia,data,ano,trimestre,uf_sigla,uf_nome,regiao,populacao,grupo_codigo,grupo_nome,subgrupo_codigo,subgrupo_nome,complexidade_referencia,qtd_internacoes,valor_total,dias_permanencia,custo_por_internacao,custo_por_dia,permanencia_media
2024-12,2024-12-01,2024,2024Q4,AM,Amazonas,Norte,3941613,03,Procedimentos clínicos,0303,Tratamentos clínicos (outras especialidades),Média,4732,5605022.06,26686.0,1184.493250211327,210.0360511129431,5.639475908706678
2024-12,2024-12-01,2024,2024Q4,AM,Amazonas,Norte,3941613,03,Procedimentos clínicos,0304,Tratamento em oncologia,Alta,674,1627581.5,3399.0,2414.809347181009,478.8412768461312,5.043026706231454
2024-12,2024-12-01,2024,2024Q4,AM,Amazonas,Norte,3941613,03,Procedimentos clínicos,0305,Tratamento em nefrologia,Média,167,295784.5,928.0,1771.1646706586826,318.7332974137931,5.556886227544911
2024-12,2024-12-01,2024,2024Q4,AM,Amazonas,Norte,3941613,03,Procedimentos clínicos,0308,"Tratamento de lesões, envenenamentos e outros, decorrentes de causas externas",Média,491,521836.65,1441.0,1062.803767820774,362.1350798056905,2.934826883910387
2024-12,2024-12-01,2024,2024Q4,AM,Amazonas,Norte,3941613,03,Procedimentos clínicos,0310,Parto e nascimento,Média,2053,1663454.35,4360.0,810.2554067218705,381.5262270642202,2.123721383341452
2024-12,2024-12-01,2024,2024Q4,AM,Amazonas,Norte,3941613,04,Procedimentos cirúrgicos,0403,Cirurgia do sistema nervoso central e periférico,Alta,250,1324521.54,1955.0,5298.08616,677.5046240409207,7.82
2024-12,2024-12-01,2024,2024Q4,AM,Amazonas,Norte,3941613,04,Procedimentos cirúrgicos,0404,"Cirurgia das vias aéreas superiores, da face, da cabeça e do pescoço",Média,173,167927.66,342.0,970.6801156069364,491.0165497076024,1.976878612716763
2024-12,2024-12-01,2024,2024Q4,AM,Amazonas,Norte,3941613,04,Procedimentos cirúrgicos,0405,Cirurgia do aparelho da visão,Média,123,98221.63,120.0,798.549837398374,818.5135833333334,0.975609756097561
2024-12,2024-12-01,2024,2024Q4,AM,Amazonas,Norte,3941613,04,Procedimentos cirúrgicos,0406,Cirurgia do aparelho circulatório,Alta,504,4644015.26,3692.0,9214.315992063492,1257.8589544962078,7.325396825396825
2024-12,2024-12-01,2024,2024Q4,AM,Amazonas,Norte,3941613,04,Procedimentos cirúrgicos,0407,"Cirurgia do aparelho digestivo, órgãos anexos e parede abdominal",Média,1756,2601297.83,5345.0,1481.3768963553532,486.67873339569695,3.043849658314351
2024-12,2024-12-01,2024,2024Q4,AM,Amazonas,Norte,3941613,04,Procedimentos cirúrgicos,0408,Cirurgia do sistema osteomuscular,Média,1395,3095195.07,5601.0,2218.7778279569893,552.6147241564006,4.01505376344086
2024-12,2024-12-01,2024,2024Q4,AM,Amazonas,Norte,3941613,04,Procedimentos cirúrgicos,0409,Cirurgia do aparelho geniturinário,Média,854,942010.45,2175.0,1103.0567330210772,433.1082528735632,2.5468384074941453
2024-12,2024-12-01,2024,2024Q4,AM,Amazonas,Norte,3941613,04,Procedimentos cirúrgicos,0411,Cirurgia obstétrica,Média,1494,1437591.68,3560.0,962.2434270414992,403.81788764044944,2.3828647925033466
2024-12,2024-12-01,2024,2024Q4,AM,Amazonas,Norte,3941613,04,Procedimentos cirúrgicos,0415,Outras cirurgias,Média,313,1320858.66,1909.0,4219.99571884984,691.9112938711366,6.099041533546326
2024-12,2024-12-01,2024,2024Q4,AM,Amazonas,Norte,3941613,04,Procedimentos cirúrgicos,0416,Cirurgia em oncologia,Alta,334,1533394.53,1728.0,4591.001586826347,887.38109375,5.173652694610778
2024-12,2024-12-01,2024,2024Q4,BA,Bahia,Nordeste,14141626,03,Procedimentos clínicos,0303,Tratamentos clínicos (outras especialidades),Média,19201,21694700.92,105315.0,1129.8734920056247,205.99820462422255,5.48487057965731
2024-12,2024-12-01,2024,2024Q4,BA,Bahia,Nordeste,14141626,03,Procedimentos clínicos,0304,Tratamento em oncologia,Alta,2433,6001836.93,12385.0,2466.846251541307,484.6053233750504,5.0904233456637895
2024-12,2024-12-01,2024,2024Q4,BA,Bahia,Nordeste,14141626,03,Procedimentos clínicos,0305,Tratamento em nefrologia,Média,664,931535.7,3883.0,1402.9152108433734,239.9010301313417,5.84789156626506
2024-12,2024-12-01,2024,2024Q4,BA,Bahia,Nordeste,14141626,03,Procedimentos clínicos,0308,"Tratamento de lesões, envenenamentos e outros, decorrentes de causas externas",Média,1946,1737667.11,5924.0,892.9430164439877,293.3266559756921,3.044193216855087
2024-12,2024-12-01,2024,2024Q4,BA,Bahia,Nordeste,14141626,03,Procedimentos clínicos,0310,Parto e nascimento,Média,8292,7400803.38,18473.0,892.5233212735167,400.628126454826,2.2278099372889533
2024-12,2024-12-01,2024,2024Q4,BA,Bahia,Nordeste,14141626,04,Procedimentos cirúrgicos,0403,Cirurgia do sistema nervoso central e periférico,Alta,941,4953268.4,7544.0,5263.8346439957495,656.5838282078473,8.017003188097767
2024-12,2024-12-01,2024,2024Q4,BA,Bahia,Nordeste,14141626,04,Procedimentos cirúrgicos,0404,"Cirurgia das vias aéreas superiores, da face, da cabeça e do pescoço",Média,660,600858.42,1268.0,910.3915454545456,473.86310725552056,1.9212121212121207
2024-12,2024-12-01,2024,2024Q4,BA,Bahia,Nordeste,14141626,04,Procedimentos cirúrgicos,0405,Cirurgia do aparelho da visão,Média,633,543981.98,635.0,859.3712164296998,856.6645354330708,1.0031595576619274
2024-12,2024-12-01,2024,2024Q4,BA,Bahia,Nordeste,14141626,04,Procedimentos cirúrgicos,0406,Cirurgia do aparelho circulatório,Alta,1900,19806669.47,12887.0,10424.562878947369,1536.9495980445408,6.782631578947369
2024-12,2024-12-01,2024,2024Q4,BA,Bahia,Nordeste,14141626,04,Procedimentos cirúrgicos,0407,"Cirurgia do aparelho digestivo, órgãos anexos e parede abdominal",Média,7066,9303440.84,21495.0,1316.6488593263516,432.81883414747614,3.0420322671950184
2024-12,2024-12-01,2024,2024Q4,BA,Bahia,Nordeste,14141626,04,Procedimentos cirúrgicos,0408,Cirurgia do sistema osteomuscular,Média,5683,12874003.73,23319.0,2265.3534629597043,552.0821531798105,4.103290515572761
2024-12,2024-12-01,2024,2024Q4,BA,Bahia,Nordeste,14141626,04,Procedimentos cirúrgicos,0409,Cirurgia do aparelho geniturinário,Média,3129,3452901.94,7845.0,1103.5161201661872,440.1404639898024,2.5071907957814
2024-12,2024-12-01,2024,2024Q4,BA,Bahia,Nordeste,14141626,04,Procedimentos cirúrgicos,0411,Cirurgia obstétrica,Média,5892,6304022.38,13201.0,1069.9291208418194,477.5412756609348,2.240495587236932
2024-12,2024-12-01,2024,2024Q4,BA,Bahia,Nordeste,14141626,04,Procedimentos cirúrgicos,0415,Outras cirurgias,Média,1329,4780235.82,8453.0,3596.866681715576,565.5076091328523,6.360421369450715
2024-12,2024-12-01,2024,2024Q4,BA,Bahia,Nordeste,14141626,04,Procedimentos cirúrgicos,0416,Cirurgia em oncologia,Alta,1268,5169618.99,6396.0,4076.9865851735017,808.2581285178237,5.044164037854889
2024-12,2024-12-01,2024,2024Q4,BA,Bahia,Nordeste,14141626,05,"Transplantes de órgãos, tecidos e células",0505,"Transplante de órgãos, tecidos e células",Alta,149,5074371.28,2291.0,34056.183087248326,2214.915443037975,15.375838926174495
2024-12,2024-12-01,2024,2024Q4,GO,Goiás,Centro-Oeste,7056495,03,Procedimentos clínicos,0303,Tratamentos clínicos (outras especialidades),Média,10048,13048420.25,55881.0,1298.6087032245223,233.5036998264169,5.56140525477707
2024-12,2024-12-01,2024,2024Q4,GO,Goiás,Centro-Oeste,7056495,03,Procedimentos clínicos,0304,Tratamento em oncologia,Alta,1435,3976292.02,6801.0,2770.9352055749127,584.6628466402,4.739372822299652
2024-12,2024-12-01,2024,2024Q4,GO,Goiás,Centro-Oeste,7056495,03,Procedimentos clínicos,0305,Tratamento em nefrologia,Média,331,667917.68,1941.0,2017.8781873111784,344.11008758371975,5.86404833836858
2024-12,2024-12-01,2024,2024Q4,GO,Goiás,Centro-Oeste,7056495,03,Procedimentos clínicos,0308,"Tratamento de lesões, envenenamentos e outros, decorrentes de causas externas",Média,1017,1089439.6,3006.0,1071.2287118977383,362.4216899534265,2.9557522123893807
2024-12,2024-12-01,2024,2024Q4,GO,Goiás,Centro-Oeste,7056495,03,Procedimentos clínicos,0310,Parto e nascimento,Média,4421,3844497.99,9774.0,869.5991834426601,393.33926642111726,2.210812033476589
2024-12,2024-12-01,2024,2024Q4,GO,Goiás,Centro-Oeste,7056495,04,Procedimentos cirúrgicos,0403,Cirurgia do sistema nervoso central e periférico,Alta,488,2988523.33,3954.0,6124.023217213115,755.822794638341,8.102459016393443
2024-12,2024-12-01,2024,2024Q4,GO,Goiás,Centro-Oeste,7056495,04,Procedimentos cirúrgicos,0404,"Cirurgia das vias aéreas superiores, da face, da cabeça e do pescoço",Média,368,392279.75,777.0,1065.9775815217392,504.8645431145431,2.1114130434782608
2024-12,2024-12-01,2024,2024Q4,GO,Goiás,Centro-Oeste,7056495,04,Procedimentos cirúrgicos,0405,Cirurgia do aparelho da visão,Média,319,287270.39,310.0,900.5341379310345,926.6786774193548,0.9717868338557992
2024-12,2024-12-01,2024,2024Q4,GO,Goiás,Centro-Oeste,7056495,04,Procedimentos cirúrgicos,0406,Cirurgia do aparelho circulatório,Alta,991,8349890.05,7033.0,8425.721543895055,1187.244426276127,7.096871846619576
2024-12,2024-12-01,2024,2024Q4,GO,Goiás,Centro-Oeste,7056495,04,Procedimentos cirúrgicos,0407,"Cirurgia do aparelho digestivo, órgãos anexos e parede abdominal",Média,3759,5456760.28,11659.0,1451.652109603618,468.0298722017326,3.1016227720138336
2024-12,2024-12-01,2024,2024Q4,GO,Goiás,Centro-Oeste,7056495,04,Procedimentos cirúrgicos,0408,Cirurgia do sistema osteomuscular,Média,3006,6846464.2,11862.0,2277.599534264804,577.1762097454055,3.946107784431138
2024-12,2024-12-01,2024,2024Q4,GO,Goiás,Centro-Oeste,7056495,04,Procedimentos cirúrgicos,0409,Cirurgia do aparelho geniturinário,Média,1698,1779128.84,4383.0,1047.7790577149588,405.91577458361854,2.581272084805654
2024-12,2024-12-01,2024,2024Q4,GO,Goiás,Centro-Oeste,7056495,04,Procedimentos cirúrgicos,0411,Cirurgia obstétrica,Média,3051,3022546.47,7428.0,990.6740314650934,406.912556542811,2.434611602753196
2024-12,2024-12-01,2024,2024Q4,GO,Goiás,Centro-Oeste,7056495,04,Procedimentos cirúrgicos,0415,Outras cirurgias,Média,700,3080714.57,4305.0,4401.020814285714,715.6131405342625,6.15
2024-12,2024-12-01,2024,2024Q4,GO,Goiás,Centro-Oeste,7056495,04,Procedimentos cirúrgicos,0416,Cirurgia em oncologia,Alta,663,3038403.22,3214.0,4582.810286576169,945.3650342252644,4.8476621417797885
2024-12,2024-12-01,2024,2024Q4,GO,Goiás,Centro-Oeste,7056495,05,"Transplantes de órgãos, tecidos e células",0505,"Transplante de órgãos, tecidos e células",Alta,95,3647621.6,1449.0,38396.01684210527,2517.337198067633,15.25263157894737
2024-12,2024-12-01,2024,2024Q4,RS,Rio Grande do Sul,Sul,10882965,03,Procedimentos clínicos,0303,Tratamentos clínicos (outras especialidades),Média,17960,25176605.31,100834.0,1401.8154404231625,249.68369111609175,5.614365256124722
2024-12,2024-12-01,2024,2024Q4,RS,Rio Grande do Sul,Sul,10882965,03,Procedimentos clínicos,0304,Tratamento em oncologia,Alta,2370,7611497.02,11560.0,3211.60211814346,658.4339982698962,4.877637130801688
2024-12,2024-12-01,2024,2024Q4,RS,Rio Grande do Sul,Sul,10882965,03,Procedimentos clínicos,0305,Tratamento em nefrologia,Média,623,1354881.05,3792.0,2174.768940609952,357.2998549578059,6.086677367576244
2024-12,2024-12-01,2024,2024Q4,RS,Rio Grande do Sul,Sul,10882965,03,Procedimentos clínicos,0308,"Tratamento de lesões, envenenamentos e outros, decorrentes de causas externas",Média,1833,2166692.57,5685.0,1182.0472285870158,381.12446262093226,3.1014729950900164
2024-12,2024-12-01,2024,2024Q4,RS,Rio Grande do Sul,Sul,10882965,03,Procedimentos clínicos,0310,Parto e nascimento,Média,7836,7317271.8,17511.0,933.8019142419602,417.86715778653416,2.23468606431853
2024-12,2024-12-01,2024,2024Q4,RS,Rio Grande do Sul,Sul,10882965,04,Procedimentos cirúrgicos,0403,Cirurgia do sistema nervoso central e periférico,Alta,878,6182258.4,7072.0,7041.2965831435085,874.1881221719458,8.054669703872438
2024-12,2024-12-01,2024,2024Q4,RS,Rio Grande do Sul,Sul,10882965,04,Procedimentos cirúrgicos,0404,"Cirurgia das vias aéreas superiores, da face, da cabeça e do pescoço",Média,596,647735.46,1078.0,1086.8044630872482,600.8677736549165,1.808724832214765
2024-12,2024-12-01,2024,2024Q4,RS,Rio Grande do Sul,Sul,10882965,04,Procedimentos cirúrgicos,0405,Cirurgia do aparelho da visão,Média,632,580890.28,663.0,919.1301898734176,876.1542684766215,1.0490506329113924
2024-12,2024-12-01,2024,2024Q4,RS,Rio Grande do Sul,Sul,10882965,04,Procedimentos cirúrgicos,0406,Cirurgia do aparelho circulatório,Alta,1880,19284563.9,13278.0,10257.746755319147,1452.3696264497664,7.062765957446809
2024-12,2024-12-01,2024,2024Q4,RS,Rio Grande do Sul,Sul,10882965,04,Procedimentos cirúrgicos,0407,"Cirurgia do aparelho digestivo, órgãos anexos e parede abdominal",Média,6502,11521243.7,19943.0,1771.9538142110118,577.7086546657974,3.0672100892033223
2024-12,2024-12-01,2024,2024Q4,RS,Rio Grande do Sul,Sul,10882965,04,Procedimentos cirúrgicos,0408,Cirurgia do sistema osteomuscular,Média,5518,15946126.66,22811.0,2889.838104385647,699.054257156635,4.133925335266401
2024-12,2024-12-01,2024,2024Q4,RS,Rio Grande do Sul,Sul,10882965,04,Procedimentos cirúrgicos,0409,Cirurgia do aparelho geniturinário,Média,3058,3647044.66,7688.0,1192.6241530412035,474.3814594172737,2.5140614780902557
2024-12,2024-12-01,2024,2024Q4,RS,Rio Grande do Sul,Sul,10882965,04,Procedimentos cirúrgicos,0411,Cirurgia obstétrica,Média,5371,5920959.76,12465.0,1102.3942952895177,475.0067998395508,2.3207968720908583
2024-12,2024-12-01,2024,2024Q4,RS,Rio Grande do Sul,Sul,10882965,04,Procedimentos cirúrgicos,0415,Outras cirurgias,Média,1181,6220877.59,7271.0,5267.466206604572,855.5738674185119,6.156646909398814
2024-12,2024-12-01,2024,2024Q4,RS,Rio Grande do Sul,Sul,10882965,04,Procedimentos cirúrgicos,0416,Cirurgia em oncologia,Alta,1228,5621316.07,6004.0,4577.618949511401,936.2618371085944,4.889250814332248
2024-12,2024-12-01,2024,2024Q4,RS,Rio Grande do Sul,Sul,10882965,05,"Transplantes de órgãos, tecidos e células",0505,"Transplante de órgãos, tecidos e células",Alta,142,5611968.78,2060.0,39520.90690140845,2724.2566893203884,14.507042253521126
2024-12,2024-12-01,2024,2024Q4,SP,São Paulo,Sudeste,44411238,03,Procedimentos clínicos,0303,Tratamentos clínicos (outras especialidades),Média,63858,89928957.81,358724.0,1408.264552757681,250.69122169132817,5.617526386670425
2024-12,2024-12-01,2024,2024Q4,SP,São Paulo,Sudeste,44411238,03,Procedimentos clínicos,0304,Tratamento em oncologia,Alta,8461,23017570.09,42684.0,2720.431401725564,539.2552265485896,5.044793759602884
2024-12,2024-12-01,2024,2024Q4,SP,São Paulo,Sudeste,44411238,03,Procedimentos clínicos,0305,Tratamento em nefrologia,Média,2051,3983091.81,11606.0,1942.0242857142855,343.1924702739962,5.658703071672355
2024-12,2024-12-01,2024,2024Q4,SP,São Paulo,Sudeste,44411238,03,Procedimentos clínicos,0308,"Tratamento de lesões, envenenamentos e outros, decorrentes de causas externas",Média,6268,8034940.43,18766.0,1281.8986008296106,428.1647889800704,2.993937460114869
2024-12,2024-12-01,2024,2024Q4,SP,São Paulo,Sudeste,44411238,03,Procedimentos clínicos,0310,Parto e nascimento,Média,27576,25886163.89,59681.0,938.7207676965478,433.7421271426417,2.164237017696548
2024-12,2024-12-01,2024,2024Q4,SP,São Paulo,Sudeste,44411238,04,Procedimentos cirúrgicos,0403,Cirurgia do sistema nervoso central e periférico,Alta,3127,23390290.71,23847.0,7480.105759513912,980.8483545100012,7.626159258074832
2024-12,2024-12-01,2024,2024Q4,SP,São Paulo,Sudeste,44411238,04,Procedimentos cirúrgicos,0404,"Cirurgia das vias aéreas superiores, da face, da cabeça e do pescoço",Média,2099,2626058.35,4155.0,1251.0997379704622,632.023670276775,1.979514054311577
2024-12,2024-12-01,2024,2024Q4,SP,São Paulo,Sudeste,44411238,04,Procedimentos cirúrgicos,0405,Cirurgia do aparelho da visão,Média,2044,1864481.26,1900.0,912.1728277886496,981.3059263157896,0.929549902152642
2024-12,2024-12-01,2024,2024Q4,SP,São Paulo,Sudeste,44411238,04,Procedimentos cirúrgicos,0406,Cirurgia do aparelho circulatório,Alta,6401,72878691.88,43855.0,11385.516619278236,1661.8103267586364,6.851273238556476
2024-12,2024-12-01,2024,2024Q4,SP,São Paulo,Sudeste,44411238,04,Procedimentos cirúrgicos,0407,"Cirurgia do aparelho digestivo, órgãos anexos e parede abdominal",Média,23304,40572098.74,70163.0,1740.99290851356,578.2549027265082,3.0107706831445245
2024-12,2024-12-01,2024,2024Q4,SP,São Paulo,Sudeste,44411238,04,Procedimentos cirúrgicos,0408,Cirurgia do sistema osteomuscular,Média,18935,54440853.63,74195.0,2875.144105096382,733.7536711368691,3.9184050699762345
2024-12,2024-12-01,2024,2024Q4,SP,São Paulo,Sudeste,44411238,04,Procedimentos cirúrgicos,0409,Cirurgia do aparelho geniturinário,Média,10726,13584964.6,27034.0,1266.545273168003,502.5140415772731,2.520417676673504
2024-12,2024-12-01,2024,2024Q4,SP,São Paulo,Sudeste,44411238,04,Procedimentos cirúrgicos,0411,Cirurgia obstétrica,Média,19183,21233108.18,44845.0,1106.871093155398,473.47771613334817,2.337746963457228
2024-12,2024-12-01,2024,2024Q4,SP,São Paulo,Sudeste,44411238,04,Procedimentos cirúrgicos,0415,Outras cirurgias,Média,4182,17731535.68,24944.0,4239.965490196079,710.8537395766517,5.964610234337638
2024-12,2024-12-01,2024,2024Q4,SP,São Paulo,Sudeste,44411238,04,Procedimentos cirúrgicos,0416,Cirurgia em oncologia,Alta,4090,21488616.86,20028.0,5253.940552567237,1072.9287427601355,4.89682151589242
2024-12,2024-12-01,2024,2024Q4,SP,São Paulo,Sudeste,44411238,05,"Transplantes de órgãos, tecidos e células",0505,"Transplante de órgãos, tecidos e células",Alta,525,20393589.86,7981.0,38844.933066666665,2555.267492795389,15.201904761904762
